client_529;Accept
client_25;Accept
client_971;Accept
client_985;Accept
client_172;Accept
client_340;Accept
client_516;Accept
client_186;Accept
client_378;Accept
client_22;Accept
client_511;Accept
client_723;Accept
client_347;Accept
client_175;Accept
client_949;Accept
client_188;Accept
client_518;Accept
client_385;Accept
client_371;Accept
client_143;Accept
client_715;Accept
client_349;Accept
client_947;Accept
client_13;Accept
client_520;Accept
client_978;Accept
client_376;Accept
client_382;Accept
client_78;Accept
client_746;Accept
client_322;Accept
client_110;Accept
client_580;Accept
client_913;Accept
client_779;Accept
client_47;Accept
client_117;Accept
client_325;Accept
client_573;Accept
client_40;Accept
client_914;Accept
client_128;Accept
client_783;Accept
client_777;Accept
client_545;Accept
client_49;Accept
client_121;Accept
client_82;Accept
client_922;Accept
client_748;Accept
client_314;Accept
client_126;Accept
client_542;Accept
client_770;Accept
client_784;Accept
client_71;Accept
client_925;Accept
client_119;Accept
client_85;Accept
client_589;Accept
client_348;Accept
client_12;Accept
client_521;Accept
client_713;Accept
client_979;Accept
client_189;Accept
client_370;Accept
client_379;Accept
client_23;Accept
client_983;Accept
client_722;Accept
client_510;Accept
client_174;Accept
client_180;Accept
client_984;Accept
client_528;Accept
client_970;Accept
client_187;Accept
client_341;Accept
client_173;Accept
client_725;Accept
client_785;Accept
client_127;Accept
client_315;Accept
client_771;Accept
client_543;Accept
client_84;Accept
client_588;Accept
client_924;Accept
client_544;Accept
client_48;Accept
client_776;Accept
client_312;Accept
client_782;Accept
client_923;Accept
client_749;Accept
client_77;Accept
client_83;Accept
client_324;Accept
client_116;Accept
client_572;Accept
client_586;Accept
client_41;Accept
client_129;Accept
client_915;Accept
client_581;Accept
client_747;Accept
client_575;Accept
client_111;Accept
client_323;Accept
client_912;Accept
client_46;Accept
client_778;Accept
client_438;Accept
client_860;Accept
client_894;Accept
client_251;Accept
client_635;Accept
client_893;Accept
client_867;Accept
client_400;Accept
client_632;Accept
client_256;Accept
client_858;Accept
client_851;Accept
client_294;Accept
client_604;Accept
client_258;Accept
client_856;Accept
client_603;Accept
client_431;Accept
client_293;Accept
client_465;Accept
client_491;Accept
client_802;Accept
client_668;Accept
client_234;Accept
client_805;Accept
client_692;Accept
client_666;Accept
client_454;Accept
client_202;Accept
client_833;Accept
client_453;Accept
client_661;Accept
client_0;Accept
client_695;Accept
client_834;Accept
client_430;Accept
client_602;Accept
client_266;Accept
client_868;Accept
client_408;Accept
client_261;Accept
client_605;Accept
client_437;Accept
client_268;Accept
client_892;Accept
client_633;Accept
client_401;Accept
client_859;Accept
client_257;Accept
client_439;Accept
client_250;Accept
client_634;Accept
client_1;Accept
client_204;Accept
client_660;Accept
client_499;Accept
client_835;Accept
client_455;Accept
client_693;Accept
client_658;Accept
client_235;Accept
client_463;Accept
client_497;Accept
client_490;Accept
client_656;Accept
client_232;Accept
client_8;Accept
client_803;Accept
client_479;Accept
client_821;Accept
client_680;Accept
client_210;Accept
client_446;Accept
client_674;Accept
client_228;Accept
client_673;Accept
client_819;Accept
client_217;Accept
client_448;Accept
client_810;Accept
client_221;Accept
client_477;Accept
client_483;Accept
client_484;Accept
client_470;Accept
client_226;Accept
client_828;Accept
client_888;Accept
client_286;Accept
client_616;Accept
client_424;Accept
client_629;Accept
client_275;Accept
client_611;Accept
client_281;Accept
client_844;Accept
client_415;Accept
client_243;Accept
client_872;Accept
client_618;Accept
client_886;Accept
client_288;Accept
client_244;Accept
client_620;Accept
client_881;Accept
client_875;Accept
client_218;Accept
client_688;Accept
client_643;Accept
client_227;Accept
client_449;Accept
client_811;Accept
client_220;Accept
client_476;Accept
client_827;Accept
client_686;Accept
client_440;Accept
client_818;Accept
client_820;Accept
client_211;Accept
client_681;Accept
client_245;Accept
client_621;Accept
client_874;Accept
client_880;Accept
client_626;Accept
client_289;Accept
client_887;Accept
client_873;Accept
client_619;Accept
client_280;Accept
client_274;Accept
client_610;Accept
client_845;Accept
client_425;Accept
client_617;Accept
client_273;Accept
client_287;Accept
client_889;Accept
client_842;Accept
client_90;Accept
client_568;Accept
client_64;Accept
client_930;Accept
client_791;Accept
client_301;Accept
client_133;Accept
client_937;Accept
client_63;Accept
client_134;Accept
client_908;Accept
client_796;Accept
client_901;Accept
client_102;Accept
client_330;Accept
client_754;Accept
client_566;Accept
client_798;Accept
client_906;Accept
client_52;Accept
client_561;Accept
client_753;Accept
client_337;Accept
client_939;Accept
client_999;Accept
client_707;Accept
client_151;Accept
client_952;Accept
client_738;Accept
client_156;Accept
client_532;Accept
client_700;Accept
client_390;Accept
client_169;Accept
client_504;Accept
client_352;Accept
client_160;Accept
client_194;Accept
client_963;Accept
client_709;Accept
client_37;Accept
client_997;Accept
client_193;Accept
client_167;Accept
client_355;Accept
client_731;Accept
client_503;Accept
client_990;Accept
client_30;Accept
client_309;Accept
client_907;Accept
client_53;Accept
client_938;Accept
client_104;Accept
client_336;Accept
client_594;Accept
client_98;Accept
client_54;Accept
client_558;Accept
client_900;Accept
client_593;Accept
client_331;Accept
client_103;Accept
client_755;Accept
client_96;Accept
client_936;Accept
client_338;Accept
client_797;Accept
client_763;Accept
client_909;Accept
client_135;Accept
client_569;Accept
client_65;Accept
client_931;Accept
client_91;Accept
client_300;Accept
client_790;Accept
client_354;Accept
client_166;Accept
client_502;Accept
client_730;Accept
client_31;Accept
client_159;Accept
client_991;Accept
client_195;Accept
client_737;Accept
client_505;Accept
client_161;Accept
client_353;Accept
client_398;Accept
client_996;Accept
client_962;Accept
client_36;Accept
client_157;Accept
client_365;Accept
client_701;Accept
client_533;Accept
client_168;Accept
client_954;Accept
client_38;Accept
client_534;Accept
client_706;Accept
client_362;Accept
client_150;Accept
client_998;Accept
client_953;Accept
client_739;Accept
client_88;Accept
client_584;Accept
client_326;Accept
client_114;Accept
client_570;Accept
client_742;Accept
client_319;Accept
client_745;Accept
client_577;Accept
client_113;Accept
client_321;Accept
client_583;Accept
client_548;Accept
client_44;Accept
client_919;Accept
client_125;Accept
client_317;Accept
client_773;Accept
client_541;Accept
client_787;Accept
client_72;Accept
client_926;Accept
client_780;Accept
client_774;Accept
client_310;Accept
client_122;Accept
client_81;Accept
client_921;Accept
client_75;Accept
client_579;Accept
client_981;Accept
client_149;Accept
client_975;Accept
client_21;Accept
client_182;Accept
client_512;Accept
client_176;Accept
client_344;Accept
client_718;Accept
client_26;Accept
client_972;Accept
client_986;Accept
client_388;Accept
client_515;Accept
client_727;Accept
client_185;Accept
client_178;Accept
client_944;Accept
client_10;Accept
client_523;Accept
client_711;Accept
client_375;Accept
client_147;Accept
client_381;Accept
client_988;Accept
client_372;Accept
client_716;Accept
client_775;Accept
client_547;Accept
client_74;Accept
client_578;Accept
client_80;Accept
client_316;Accept
client_124;Accept
client_918;Accept
client_772;Accept
client_87;Accept
client_73;Accept
client_582;Accept
client_576;Accept
client_320;Accept
client_112;Accept
client_911;Accept
client_549;Accept
client_45;Accept
client_115;Accept
client_929;Accept
client_327;Accept
client_571;Accept
client_89;Accept
client_585;Accept
client_318;Accept
client_916;Accept
client_788;Accept
client_728;Accept
client_16;Accept
client_942;Accept
client_373;Accept
client_141;Accept
client_29;Accept
client_387;Accept
client_989;Accept
client_945;Accept
client_179;Accept
client_380;Accept
client_146;Accept
client_374;Accept
client_389;Accept
client_987;Accept
client_27;Accept
client_719;Accept
client_184;Accept
client_342;Accept
client_726;Accept
client_18;Accept
client_514;Accept
client_974;Accept
client_148;Accept
client_980;Accept
client_513;Accept
client_345;Accept
client_177;Accept
client_183;Accept
client_495;Accept
client_839;Accept
client_461;Accept
client_653;Accept
client_698;Accept
client_806;Accept
client_208;Accept
client_466;Accept
client_492;Accept
client_801;Accept
client_459;Accept
client_808;Accept
client_206;Accept
client_662;Accept
client_450;Accept
client_696;Accept
client_3;Accept
client_239;Accept
client_837;Accept
client_4;Accept
client_691;Accept
client_457;Accept
client_665;Accept
client_201;Accept
client_830;Accept
client_890;Accept
client_403;Accept
client_255;Accept
client_609;Accept
client_863;Accept
client_299;Accept
client_252;Accept
client_404;Accept
client_636;Accept
client_855;Accept
client_432;Accept
client_600;Accept
client_290;Accept
client_638;Accept
client_899;Accept
client_297;Accept
client_263;Accept
client_607;Accept
client_435;Accept
client_664;Accept
client_456;Accept
client_200;Accept
client_5;Accept
client_831;Accept
client_469;Accept
client_2;Accept
client_207;Accept
client_809;Accept
client_451;Accept
client_836;Accept
client_238;Accept
client_493;Accept
client_467;Accept
client_655;Accept
client_231;Accept
client_458;Accept
client_838;Accept
client_236;Accept
client_460;Accept
client_494;Accept
client_209;Accept
client_807;Accept
client_699;Accept
client_262;Accept
client_296;Accept
client_898;Accept
client_291;Accept
client_601;Accept
client_896;Accept
client_862;Accept
client_637;Accept
client_865;Accept
client_402;Accept
client_254;Accept
client_276;Accept
client_612;Accept
client_249;Accept
client_847;Accept
client_285;Accept
client_427;Accept
client_615;Accept
client_247;Accept
client_849;Accept
client_882;Accept
client_876;Accept
client_624;Accept
client_416;Accept
client_240;Accept
client_871;Accept
client_885;Accept
client_825;Accept
client_442;Accept
client_670;Accept
client_648;Accept
client_683;Accept
client_213;Accept
client_445;Accept
client_487;Accept
client_641;Accept
client_473;Accept
client_225;Accept
client_679;Accept
client_646;Accept
client_625;Accept
client_884;Accept
client_870;Accept
client_428;Accept
client_848;Accept
client_246;Accept
client_877;Accept
client_883;Accept
client_426;Accept
client_841;Accept
client_419;Accept
client_283;Accept
client_879;Accept
client_421;Accept
client_613;Accept
client_846;Accept
client_678;Accept
client_481;Accept
client_223;Accept
client_647;Accept
client_475;Accept
client_815;Accept
client_472;Accept
client_640;Accept
client_224;Accept
client_486;Accept
client_823;Accept
client_444;Accept
client_682;Accept
client_488;Accept
client_824;Accept
client_443;Accept
client_215;Accept
client_155;Accept
client_367;Accept
client_531;Accept
client_358;Accept
client_956;Accept
client_536;Accept
client_360;Accept
client_152;Accept
client_951;Accept
client_509;Accept
client_190;Accept
client_356;Accept
client_958;Accept
client_500;Accept
client_33;Accept
client_967;Accept
client_735;Accept
client_507;Accept
client_163;Accept
client_351;Accept
client_197;Accept
client_960;Accept
client_34;Accept
client_538;Accept
client_108;Accept
client_934;Accept
client_60;Accept
client_598;Accept
client_94;Accept
client_761;Accept
client_305;Accept
client_137;Accept
client_795;Accept
client_93;Accept
client_67;Accept
client_933;Accept
client_792;Accept
client_130;Accept
client_302;Accept
client_766;Accept
client_58;Accept
client_554;Accept
client_905;Accept
client_51;Accept
client_750;Accept
client_562;Accept
client_106;Accept
client_334;Accept
client_768;Accept
client_902;Accept
client_101;Accept
client_69;Accept
client_757;Accept
client_591;Accept
client_196;Accept
client_506;Accept
client_734;Accept
client_350;Accept
client_162;Accept
client_995;Accept
client_35;Accept
client_539;Accept
client_165;Accept
client_959;Accept
client_733;Accept
client_501;Accept
client_191;Accept
client_32;Accept
client_368;Accept
client_966;Accept
client_992;Accept
client_705;Accept
client_537;Accept
client_153;Accept
client_361;Accept
client_950;Accept
client_198;Accept
client_392;Accept
client_366;Accept
client_154;Accept
client_968;Accept
client_530;Accept
client_702;Accept
client_957;Accept
client_57;Accept
client_769;Accept
client_903;Accept
client_590;Accept
client_100;Accept
client_332;Accept
client_756;Accept
client_564;Accept
client_68;Accept
client_904;Accept
client_751;Accept
client_335;Accept
client_107;Accept
client_597;Accept
client_758;Accept
client_92;Accept
client_303;Accept
client_131;Accept
client_59;Accept
client_555;Accept
client_767;Accept
client_793;Accept
client_599;Accept
client_95;Accept
client_935;Accept
client_109;Accept
client_61;Accept
client_794;Accept
client_760;Accept
client_724;Reject
client_982;Reject
client_976;Reject
client_181;Reject
client_940;Reject
client_712;Reject
client_144;Reject
client_574;Reject
client_587;Reject
client_741;Reject
client_313;Reject
client_76;Reject
client_946;Reject
client_383;Reject
client_377;Reject
client_145;Reject
client_15;Reject
client_519;Reject
client_941;Reject
client_142;Reject
client_714;Reject
client_526;Reject
client_384;Reject
client_977;Reject
client_948;Reject
client_346;Reject
client_24;Reject
client_517;Reject
client_70;Reject
client_118;Reject
client_120;Reject
client_740;Reject
client_79;Reject
client_407;Reject
client_269;Reject
client_409;Reject
client_260;Reject
client_436;Reject
client_869;Reject
client_267;Reject
client_657;Reject
client_233;Reject
client_9;Reject
client_496;Reject
client_650;Reject
client_659;Reject
client_205;Reject
client_498;Reject
client_857;Reject
client_259;Reject
client_292;Reject
client_850;Reject
client_295;Reject
client_866;Reject
client_895;Reject
client_861;Reject
client_406;Reject
client_694;Reject
client_667;Reject
client_203;Reject
client_6;Reject
client_832;Reject
client_651;Reject
client_804;Reject
client_464;Reject
client_669;Reject
client_826;Reject
client_441;Reject
client_687;Reject
client_645;Reject
client_689;Reject
client_817;Reject
client_219;Reject
client_642;Reject
client_272;Reject
client_843;Reject
client_423;Reject
client_627;Reject
client_412;Reject
client_816;Reject
client_829;Reject
client_482;Reject
client_644;Reject
client_229;Reject
client_672;Reject
client_216;Reject
client_478;Reject
client_675;Reject
client_447;Reject
client_413;Reject
client_414;Reject
client_242;Reject
client_422;Reject
client_628;Reject
client_557;Reject
client_765;Reject
client_339;Reject
client_97;Reject
client_762;Reject
client_550;Reject
client_306;Reject
client_55;Reject
client_559;Reject
client_592;Reject
client_308;Reject
client_595;Reject
client_99;Reject
client_105;Reject
client_397;Reject
client_39;Reject
client_535;Reject
client_363;Reject
client_364;Reject
client_955;Reject
client_736;Reject
client_399;Reject
client_964;Reject
client_158;Reject
client_799;Reject
client_752;Reject
client_560;Reject
client_567;Reject
client_62;Reject
client_551;Reject
client_307;Reject
client_132;Reject
client_764;Reject
client_556;Reject
client_192;Reject
client_708;Reject
client_391;Reject
client_396;Reject
client_928;Reject
client_789;Reject
client_43;Reject
client_917;Reject
client_910;Reject
client_328;Reject
client_546;Reject
client_720;Reject
client_343;Reject
client_171;Reject
client_19;Reject
client_17;Reject
client_729;Reject
client_943;Reject
client_386;Reject
client_140;Reject
client_524;Reject
client_28;Reject
client_123;Reject
client_311;Reject
client_781;Reject
client_920;Reject
client_786;Reject
client_540;Reject
client_927;Reject
client_329;Reject
client_744;Reject
client_743;Reject
client_42;Reject
client_525;Reject
client_717;Reject
client_11;Reject
client_710;Reject
client_522;Reject
client_973;Reject
client_170;Reject
client_20;Reject
client_721;Reject
client_237;Reject
client_654;Reject
client_230;Reject
client_468;Reject
client_864;Reject
client_631;Reject
client_897;Reject
client_264;Reject
client_852;Reject
client_697;Reject
client_663;Reject
client_800;Reject
client_652;Reject
client_639;Reject
client_853;Reject
client_434;Reject
client_606;Reject
client_854;Reject
client_433;Reject
client_265;Reject
client_298;Reject
client_253;Reject
client_405;Reject
client_891;Reject
client_630;Reject
client_878;Reject
client_420;Reject
client_282;Reject
client_271;Reject
client_840;Reject
client_418;Reject
client_411;Reject
client_623;Reject
client_278;Reject
client_429;Reject
client_489;Reject
client_214;Reject
client_684;Reject
client_822;Reject
client_677;Reject
client_814;Reject
client_813;Reject
client_222;Reject
client_474;Reject
client_480;Reject
client_417;Reject
client_241;Reject
client_622;Reject
client_410;Reject
client_279;Reject
client_614;Reject
client_270;Reject
client_284;Reject
client_277;Reject
client_248;Reject
client_812;Reject
client_649;Reject
client_212;Reject
client_676;Reject
client_685;Reject
client_671;Reject
client_969;Reject
client_703;Reject
client_393;Reject
client_394;Reject
client_704;Reject
client_199;Reject
client_164;Reject
client_732;Reject
client_993;Reject
client_369;Reject
client_553;Reject
client_759;Reject
client_139;Reject
client_596;Reject
client_56;Reject
client_333;Reject
client_565;Reject
client_961;Reject
client_357;Reject
client_395;Reject
client_508;Reject
client_359;Reject
client_138;Reject
client_50;Reject
client_563;Reject
client_66;Reject
client_932;Reject
client_552;Reject
client_136;Reject
client_304;Reject
