client_0;Accept
client_1;Accept
client_2;Accept
client_3;Accept
client_4;Accept
client_5;Accept
client_6;Accept
client_7;Accept
client_8;Accept
client_9;Accept
client_10;Reject
client_11;Reject
client_12;Reject
client_13;Reject
client_14;Reject
client_15;Reject
client_16;Reject
client_17;Reject
client_18;Reject
client_19;Reject
client_20;Reject
client_21;Reject
client_22;Reject
client_23;Reject
client_24;Reject
client_25;Reject
client_26;Reject
client_27;Reject
client_28;Reject
client_29;Reject
client_30;Reject
client_31;Reject
client_32;Reject
client_33;Reject
client_34;Reject
client_35;Reject
client_36;Reject
client_37;Reject
client_38;Reject
client_39;Reject
client_40;Reject
client_41;Reject
client_42;Reject
client_43;Reject
client_44;Reject
client_45;Reject
client_46;Reject
client_47;Reject
client_48;Reject
client_49;Reject
client_50;Reject
client_51;Reject
client_52;Reject
client_53;Reject
client_54;Reject
client_55;Reject
client_56;Reject
client_57;Reject
client_58;Reject
client_59;Reject
client_60;Reject
client_61;Reject
client_62;Reject
client_63;Reject
client_64;Reject
client_65;Reject
client_66;Reject
client_67;Reject
client_68;Reject
client_69;Reject
client_70;Reject
client_71;Reject
client_72;Reject
client_73;Reject
client_74;Reject
client_75;Reject
client_76;Reject
client_77;Reject
client_78;Reject
client_79;Reject
client_80;Reject
client_81;Reject
client_82;Reject
client_83;Reject
client_84;Reject
client_85;Reject
client_86;Reject
client_87;Reject
client_88;Reject
client_89;Reject
client_90;Reject
client_91;Reject
client_92;Reject
client_93;Reject
client_94;Reject
client_95;Reject
client_96;Reject
client_97;Reject
client_98;Reject
client_99;Reject
client_100;Reject
client_101;Reject
client_102;Reject
client_103;Reject
client_104;Reject
client_105;Reject
client_106;Reject
client_107;Reject
client_108;Reject
client_109;Reject
client_110;Reject
client_111;Reject
client_112;Reject
client_113;Reject
client_114;Reject
client_115;Reject
client_116;Reject
client_117;Reject
client_118;Reject
client_119;Reject
client_120;Reject
client_121;Reject
client_122;Reject
client_123;Reject
client_124;Reject
client_125;Reject
client_126;Reject
client_127;Reject
client_128;Reject
client_129;Reject
client_130;Reject
client_131;Reject
client_132;Reject
client_133;Reject
client_134;Reject
client_135;Reject
client_136;Reject
client_137;Reject
client_138;Reject
client_139;Reject
client_140;Reject
client_141;Reject
client_142;Reject
client_143;Reject
client_144;Reject
client_145;Reject
client_146;Reject
client_147;Reject
client_148;Reject
client_149;Reject
client_150;Reject
client_151;Reject
client_152;Reject
client_153;Reject
client_154;Reject
client_155;Reject
client_156;Reject
client_157;Reject
client_158;Reject
client_159;Reject
client_160;Reject
client_161;Reject
client_162;Reject
client_163;Reject
client_164;Reject
client_165;Reject
client_166;Reject
client_167;Reject
client_168;Reject
client_169;Reject
client_170;Reject
client_171;Reject
client_172;Reject
client_173;Reject
client_174;Reject
client_175;Reject
client_176;Reject
client_177;Reject
client_178;Reject
client_179;Reject
client_180;Reject
client_181;Reject
client_182;Reject
client_183;Reject
client_184;Reject
client_185;Reject
client_186;Reject
client_187;Reject
client_188;Reject
client_189;Reject
client_190;Reject
client_191;Reject
client_192;Reject
client_193;Reject
client_194;Reject
client_195;Reject
client_196;Reject
client_197;Reject
client_198;Reject
client_199;Reject
client_200;Reject
client_201;Reject
client_202;Reject
client_203;Reject
client_204;Reject
client_205;Reject
client_206;Reject
client_207;Reject
client_208;Reject
client_209;Reject
client_210;Reject
client_211;Reject
client_212;Reject
client_213;Reject
client_214;Reject
client_215;Reject
client_216;Reject
client_217;Reject
client_218;Reject
client_219;Reject
client_220;Reject
client_221;Reject
client_222;Reject
client_223;Reject
client_224;Reject
client_225;Reject
client_226;Reject
client_227;Reject
client_228;Reject
client_229;Reject
client_230;Reject
client_231;Reject
client_232;Reject
client_233;Reject
client_234;Reject
client_235;Reject
client_236;Reject
client_237;Reject
client_238;Reject
client_239;Reject
client_240;Reject
client_241;Reject
client_242;Reject
client_243;Reject
client_244;Reject
client_245;Reject
client_246;Reject
client_247;Reject
client_248;Reject
client_249;Reject
client_250;Reject
client_251;Reject
client_252;Reject
client_253;Reject
client_254;Reject
client_255;Reject
client_256;Reject
client_257;Reject
client_258;Reject
client_259;Reject
client_260;Reject
client_261;Reject
client_262;Reject
client_263;Reject
client_264;Reject
client_265;Reject
client_266;Reject
client_267;Reject
client_268;Reject
client_269;Reject
client_270;Reject
client_271;Reject
client_272;Reject
client_273;Reject
client_274;Reject
client_275;Reject
client_276;Reject
client_277;Reject
client_278;Reject
client_279;Reject
client_280;Reject
client_281;Reject
client_282;Reject
client_283;Reject
client_284;Reject
client_285;Reject
client_286;Reject
client_287;Reject
client_288;Reject
client_289;Reject
client_290;Reject
client_291;Reject
client_292;Reject
client_293;Reject
client_294;Reject
client_295;Reject
client_296;Reject
client_297;Reject
client_298;Reject
client_299;Reject
client_300;Reject
client_301;Reject
client_302;Reject
client_303;Reject
client_304;Reject
client_305;Reject
client_306;Reject
client_307;Reject
client_308;Reject
client_309;Reject
client_310;Reject
client_311;Reject
client_312;Reject
client_313;Reject
client_314;Reject
client_315;Reject
client_316;Reject
client_317;Reject
client_318;Reject
client_319;Reject
client_320;Reject
client_321;Reject
client_322;Reject
client_323;Reject
client_324;Reject
client_325;Reject
client_326;Reject
client_327;Reject
client_328;Reject
client_329;Reject
client_330;Reject
client_331;Reject
client_332;Reject
client_333;Reject
client_334;Reject
client_335;Reject
client_336;Reject
client_337;Reject
client_338;Reject
client_339;Reject
client_340;Reject
client_341;Reject
client_342;Reject
client_343;Reject
client_344;Reject
client_345;Reject
client_346;Reject
client_347;Reject
client_348;Reject
client_349;Reject
client_350;Reject
client_351;Reject
client_352;Reject
client_353;Reject
client_354;Reject
client_355;Reject
client_356;Reject
client_357;Reject
client_358;Reject
client_359;Reject
client_360;Reject
client_361;Reject
client_362;Reject
client_363;Reject
client_364;Reject
client_365;Reject
client_366;Reject
client_367;Reject
client_368;Reject
client_369;Reject
client_370;Reject
client_371;Reject
client_372;Reject
client_373;Reject
client_374;Reject
client_375;Reject
client_376;Reject
client_377;Reject
client_378;Reject
client_379;Reject
client_380;Reject
client_381;Reject
client_382;Reject
client_383;Reject
client_384;Reject
client_385;Reject
client_386;Reject
client_387;Reject
client_388;Reject
client_389;Reject
client_390;Reject
client_391;Reject
client_392;Reject
client_393;Reject
client_394;Reject
client_395;Reject
client_396;Reject
client_397;Reject
client_398;Reject
client_399;Reject
client_400;Reject
client_401;Reject
client_402;Reject
client_403;Reject
client_404;Reject
client_405;Reject
client_406;Reject
client_407;Reject
client_408;Reject
client_409;Reject
client_410;Reject
client_411;Reject
client_412;Reject
client_413;Reject
client_414;Reject
client_415;Reject
client_416;Reject
client_417;Reject
client_418;Reject
client_419;Reject
client_420;Reject
client_421;Reject
client_422;Reject
client_423;Reject
client_424;Reject
client_425;Reject
client_426;Reject
client_427;Reject
client_428;Reject
client_429;Reject
client_430;Reject
client_431;Reject
client_432;Reject
client_433;Reject
client_434;Reject
client_435;Reject
client_436;Reject
client_437;Reject
client_438;Reject
client_439;Reject
client_440;Reject
client_441;Reject
client_442;Reject
client_443;Reject
client_444;Reject
client_445;Reject
client_446;Reject
client_447;Reject
client_448;Reject
client_449;Reject
client_450;Reject
client_451;Reject
client_452;Reject
client_453;Reject
client_454;Reject
client_455;Reject
client_456;Reject
client_457;Reject
client_458;Reject
client_459;Reject
client_460;Reject
client_461;Reject
client_462;Reject
client_463;Reject
client_464;Reject
client_465;Reject
client_466;Reject
client_467;Reject
client_468;Reject
client_469;Reject
client_470;Reject
client_471;Reject
client_472;Reject
client_473;Reject
client_474;Reject
client_475;Reject
client_476;Reject
client_477;Reject
client_478;Reject
client_479;Reject
client_480;Reject
client_481;Reject
client_482;Reject
client_483;Reject
client_484;Reject
client_485;Reject
client_486;Reject
client_487;Reject
client_488;Reject
client_489;Reject
client_490;Reject
client_491;Reject
client_492;Reject
client_493;Reject
client_494;Reject
client_495;Reject
client_496;Reject
client_497;Reject
client_498;Reject
client_499;Reject
client_500;Reject
client_501;Reject
client_502;Reject
client_503;Reject
client_504;Reject
client_505;Reject
client_506;Reject
client_507;Reject
client_508;Reject
client_509;Reject
client_510;Reject
client_511;Reject
client_512;Reject
client_513;Reject
client_514;Reject
client_515;Reject
client_516;Reject
client_517;Reject
client_518;Reject
client_519;Reject
client_520;Reject
client_521;Reject
client_522;Reject
client_523;Reject
client_524;Reject
client_525;Reject
client_526;Reject
client_527;Reject
client_528;Reject
client_529;Reject
client_530;Reject
client_531;Reject
client_532;Reject
client_533;Reject
client_534;Reject
client_535;Reject
client_536;Reject
client_537;Reject
client_538;Reject
client_539;Reject
client_540;Reject
client_541;Reject
client_542;Reject
client_543;Reject
client_544;Reject
client_545;Reject
client_546;Reject
client_547;Reject
client_548;Reject
client_549;Reject
client_550;Reject
client_551;Reject
client_552;Reject
client_553;Reject
client_554;Reject
client_555;Reject
client_556;Reject
client_557;Reject
client_558;Reject
client_559;Reject
client_560;Reject
client_561;Reject
client_562;Reject
client_563;Reject
client_564;Reject
client_565;Reject
client_566;Reject
client_567;Reject
client_568;Reject
client_569;Reject
client_570;Reject
client_571;Reject
client_572;Reject
client_573;Reject
client_574;Reject
client_575;Reject
client_576;Reject
client_577;Reject
client_578;Reject
client_579;Reject
client_580;Reject
client_581;Reject
client_582;Reject
client_583;Reject
client_584;Reject
client_585;Reject
client_586;Reject
client_587;Reject
client_588;Reject
client_589;Reject
client_590;Reject
client_591;Reject
client_592;Reject
client_593;Reject
client_594;Reject
client_595;Reject
client_596;Reject
client_597;Reject
client_598;Reject
client_599;Reject
client_600;Reject
client_601;Reject
client_602;Reject
client_603;Reject
client_604;Reject
client_605;Reject
client_606;Reject
client_607;Reject
client_608;Reject
client_609;Reject
client_610;Reject
client_611;Reject
client_612;Reject
client_613;Reject
client_614;Reject
client_615;Reject
client_616;Reject
client_617;Reject
client_618;Reject
client_619;Reject
client_620;Reject
client_621;Reject
client_622;Reject
client_623;Reject
client_624;Reject
client_625;Reject
client_626;Reject
client_627;Reject
client_628;Reject
client_629;Reject
client_630;Reject
client_631;Reject
client_632;Reject
client_633;Reject
client_634;Reject
client_635;Reject
client_636;Reject
client_637;Reject
client_638;Reject
client_639;Reject
client_640;Reject
client_641;Reject
client_642;Reject
client_643;Reject
client_644;Reject
client_645;Reject
client_646;Reject
client_647;Reject
client_648;Reject
client_649;Reject
client_650;Reject
client_651;Reject
client_652;Reject
client_653;Reject
client_654;Reject
client_655;Reject
client_656;Reject
client_657;Reject
client_658;Reject
client_659;Reject
client_660;Reject
client_661;Reject
client_662;Reject
client_663;Reject
client_664;Reject
client_665;Reject
client_666;Reject
client_667;Reject
client_668;Reject
client_669;Reject
client_670;Reject
client_671;Reject
client_672;Reject
client_673;Reject
client_674;Reject
client_675;Reject
client_676;Reject
client_677;Reject
client_678;Reject
client_679;Reject
client_680;Reject
client_681;Reject
client_682;Reject
client_683;Reject
client_684;Reject
client_685;Reject
client_686;Reject
client_687;Reject
client_688;Reject
client_689;Reject
client_690;Reject
client_691;Reject
client_692;Reject
client_693;Reject
client_694;Reject
client_695;Reject
client_696;Reject
client_697;Reject
client_698;Reject
client_699;Reject
client_700;Reject
client_701;Reject
client_702;Reject
client_703;Reject
client_704;Reject
client_705;Reject
client_706;Reject
client_707;Reject
client_708;Reject
client_709;Reject
client_710;Reject
client_711;Reject
client_712;Reject
client_713;Reject
client_714;Reject
client_715;Reject
client_716;Reject
client_717;Reject
client_718;Reject
client_719;Reject
client_720;Reject
client_721;Reject
client_722;Reject
client_723;Reject
client_724;Reject
client_725;Reject
client_726;Reject
client_727;Reject
client_728;Reject
client_729;Reject
client_730;Reject
client_731;Reject
client_732;Reject
client_733;Reject
client_734;Reject
client_735;Reject
client_736;Reject
client_737;Reject
client_738;Reject
client_739;Reject
client_740;Reject
client_741;Reject
client_742;Reject
client_743;Reject
client_744;Reject
client_745;Reject
client_746;Reject
client_747;Reject
client_748;Reject
client_749;Reject
client_750;Reject
client_751;Reject
client_752;Reject
client_753;Reject
client_754;Reject
client_755;Reject
client_756;Reject
client_757;Reject
client_758;Reject
client_759;Reject
client_760;Reject
client_761;Reject
client_762;Reject
client_763;Reject
client_764;Reject
client_765;Reject
client_766;Reject
client_767;Reject
client_768;Reject
client_769;Reject
client_770;Reject
client_771;Reject
client_772;Reject
client_773;Reject
client_774;Reject
client_775;Reject
client_776;Reject
client_777;Reject
client_778;Reject
client_779;Reject
client_780;Reject
client_781;Reject
client_782;Reject
client_783;Reject
client_784;Reject
client_785;Reject
client_786;Reject
client_787;Reject
client_788;Reject
client_789;Reject
client_790;Reject
client_791;Reject
client_792;Reject
client_793;Reject
client_794;Reject
client_795;Reject
client_796;Reject
client_797;Reject
client_798;Reject
client_799;Reject
client_800;Reject
client_801;Reject
client_802;Reject
client_803;Reject
client_804;Reject
client_805;Reject
client_806;Reject
client_807;Reject
client_808;Reject
client_809;Reject
client_810;Reject
client_811;Reject
client_812;Reject
client_813;Reject
client_814;Reject
client_815;Reject
client_816;Reject
client_817;Reject
client_818;Reject
client_819;Reject
client_820;Reject
client_821;Reject
client_822;Reject
client_823;Reject
client_824;Reject
client_825;Reject
client_826;Reject
client_827;Reject
client_828;Reject
client_829;Reject
client_830;Reject
client_831;Reject
client_832;Reject
client_833;Reject
client_834;Reject
client_835;Reject
client_836;Reject
client_837;Reject
client_838;Reject
client_839;Reject
client_840;Reject
client_841;Reject
client_842;Reject
client_843;Reject
client_844;Reject
client_845;Reject
client_846;Reject
client_847;Reject
client_848;Reject
client_849;Reject
client_850;Reject
client_851;Reject
client_852;Reject
client_853;Reject
client_854;Reject
client_855;Reject
client_856;Reject
client_857;Reject
client_858;Reject
client_859;Reject
client_860;Reject
client_861;Reject
client_862;Reject
client_863;Reject
client_864;Reject
client_865;Reject
client_866;Reject
client_867;Reject
client_868;Reject
client_869;Reject
client_870;Reject
client_871;Reject
client_872;Reject
client_873;Reject
client_874;Reject
client_875;Reject
client_876;Reject
client_877;Reject
client_878;Reject
client_879;Reject
client_880;Reject
client_881;Reject
client_882;Reject
client_883;Reject
client_884;Reject
client_885;Reject
client_886;Reject
client_887;Reject
client_888;Reject
client_889;Reject
client_890;Reject
client_891;Reject
client_892;Reject
client_893;Reject
client_894;Reject
client_895;Reject
client_896;Reject
client_897;Reject
client_898;Reject
client_899;Reject
client_900;Reject
client_901;Reject
client_902;Reject
client_903;Reject
client_904;Reject
client_905;Reject
client_906;Reject
client_907;Reject
client_908;Reject
client_909;Reject
client_910;Reject
client_911;Reject
client_912;Reject
client_913;Reject
client_914;Reject
client_915;Reject
client_916;Reject
client_917;Reject
client_918;Reject
client_919;Reject
client_920;Reject
client_921;Reject
client_922;Reject
client_923;Reject
client_924;Reject
client_925;Reject
client_926;Reject
client_927;Reject
client_928;Reject
client_929;Reject
client_930;Reject
client_931;Reject
client_932;Reject
client_933;Reject
client_934;Reject
client_935;Reject
client_936;Reject
client_937;Reject
client_938;Reject
client_939;Reject
client_940;Reject
client_941;Reject
client_942;Reject
client_943;Reject
client_944;Reject
client_945;Reject
client_946;Reject
client_947;Reject
client_948;Reject
client_949;Reject
client_950;Reject
client_951;Reject
client_952;Reject
client_953;Reject
client_954;Reject
client_955;Reject
client_956;Reject
client_957;Reject
client_958;Reject
client_959;Reject
client_960;Reject
client_961;Reject
client_962;Reject
client_963;Reject
client_964;Reject
client_965;Reject
client_966;Reject
client_967;Reject
client_968;Reject
client_969;Reject
client_970;Reject
client_971;Reject
client_972;Reject
client_973;Reject
client_974;Reject
client_975;Reject
client_976;Reject
client_977;Reject
client_978;Reject
client_979;Reject
client_980;Reject
client_981;Reject
client_982;Reject
client_983;Reject
client_984;Reject
client_985;Reject
client_986;Reject
client_987;Reject
client_988;Reject
client_989;Reject
client_990;Reject
client_991;Reject
client_992;Reject
client_993;Reject
client_994;Reject
client_995;Reject
client_996;Reject
client_997;Reject
client_998;Reject
client_999;Reject
